{"cameraMode":{"drawMode":0,"name":"Shaded","section":"Shading Mode"},"sceneLighting":false,"audioPlay":false,"sceneViewState":{"showFog":true,"showMaterialUpdate":false,"showSkybox":false,"showFlares":true,"showImageEffects":true,"showParticleSystems":true},"in2DMode":false,"pivot":{"x":-0.019646406173706056,"y":0.7095255255699158,"z":-0.005636096000671387},"rotation":{"x":-0.27570196986198428,"y":0.35690033435821535,"z":-0.11111008375883103,"w":-0.8855891823768616},"size":6.253976345062256,"orthographic":false}