{"cameraMode":{"drawMode":0,"name":"Shaded","section":"Shading Mode"},"sceneLighting":true,"audioPlay":false,"sceneViewState":{"showFog":true,"showMaterialUpdate":false,"showSkybox":true,"showFlares":true,"showImageEffects":true,"showParticleSystems":true},"in2DMode":false,"pivot":{"x":4.4209394454956059,"y":44.785675048828128,"z":-62.13882827758789},"rotation":{"x":0.3586313724517822,"y":-0.021000996232032777,"z":0.008069777861237526,"w":0.9332102537155151},"size":9.725380897521973,"orthographic":false}